<?xml version="1.0" encoding="UTF-8"?>
<project-private xmlns="http://www.netbeans.org/ns/project-private/1">
    <editor-bookmarks xmlns="http://www.netbeans.org/ns/editor-bookmarks/2" lastBookmarkId="0"/>
    <open-files xmlns="http://www.netbeans.org/ns/projectui-open-files/2">
        <group>
            <file>file:/C:/Users/DELL/Documents/NetBeansProjects/FiveStarHotel/src/fivestarhotel/ProvidingInformation.fxml</file>
            <file>file:/C:/Users/DELL/Documents/NetBeansProjects/FiveStarHotel/src/fivestarhotel/FXMLDocument.fxml</file>
            <file>file:/C:/Users/DELL/Documents/NetBeansProjects/FiveStarHotel/src/fivestarhotel/GuestComplaint.fxml</file>
            <file>file:/C:/Users/DELL/Documents/NetBeansProjects/FiveStarHotel/src/fivestarhotel/FXMLDocumentController.java</file>
            <file>file:/C:/Users/DELL/Documents/NetBeansProjects/FiveStarHotel/src/fivestarhotel/HotelBooking.fxml</file>
            <file>file:/C:/Users/DELL/Documents/NetBeansProjects/FiveStarHotel/src/fivestarhotel/HotelReceptionistController.java</file>
            <file>file:/C:/Users/DELL/Documents/NetBeansProjects/FiveStarHotel/src/fivestarhotel/FiveStarHotel.java</file>
        </group>
    </open-files>
</project-private>
